Feature,Mean_abs_SHAP
MagpieData mean GSvolume_pa,0.07482012
MagpieData mean MeltingT,0.031914845
MagpieData maximum MeltingT,0.022576628
MagpieData minimum NUnfilled,0.021075033
MagpieData mode GSvolume_pa,0.016882155
MagpieData mode NUnfilled,0.016736476
MagpieData maximum GSvolume_pa,0.016244546
MagpieData maximum MendeleevNumber,0.016034259
MagpieData mean NdUnfilled,0.014208592
MagpieData mean MendeleevNumber,0.014171645
MagpieData mean Electronegativity,0.0126143005
MagpieData avg_dev MeltingT,0.011479214
MagpieData maximum NdValence,0.010700029
MagpieData minimum Electronegativity,0.009782346
MagpieData mean NdValence,0.009743502
MagpieData mean NUnfilled,0.0096016405
MagpieData mean Column,0.008858511
MagpieData mean NpValence,0.008497328
MagpieData mode MendeleevNumber,0.008191923
MagpieData mode MeltingT,0.007919013
MagpieData minimum GSvolume_pa,0.007798481
MagpieData mean CovalentRadius,0.007521219
2-norm,0.0069628786
MagpieData minimum CovalentRadius,0.0069595003
MagpieData avg_dev NpUnfilled,0.0068457345
MagpieData mean NsValence,0.006300437
MagpieData avg_dev GSvolume_pa,0.0055990936
MagpieData maximum NValence,0.0047569796
MagpieData mean NpUnfilled,0.00454007
MagpieData mean GSbandgap,0.0044101216
MagpieData mean Number,0.0043745013
MagpieData avg_dev MendeleevNumber,0.004367762
MagpieData mode CovalentRadius,0.0043153027
MagpieData avg_dev Column,0.0042549623
MagpieData mean NValence,0.004121651
MagpieData range Electronegativity,0.0039464007
MagpieData avg_dev CovalentRadius,0.0036700252
MagpieData avg_dev NUnfilled,0.0036694133
MagpieData mean SpaceGroupNumber,0.0035606956
MagpieData range MeltingT,0.0035604415
MagpieData minimum MendeleevNumber,0.0033945602
MagpieData mean GSmagmom,0.0033754627
MagpieData mode Electronegativity,0.0031433522
MagpieData minimum MeltingT,0.0031212124
MagpieData mean NsUnfilled,0.0030643654
MagpieData maximum Number,0.0030262587
MagpieData mode Number,0.002952631
MagpieData avg_dev NdValence,0.002933377
MagpieData range CovalentRadius,0.002792758
MagpieData range GSvolume_pa,0.0027562547
MagpieData maximum NfUnfilled,0.0027201783
MagpieData avg_dev Number,0.0026781245
MagpieData maximum CovalentRadius,0.002550144
MagpieData range NValence,0.0024323927
MagpieData range MendeleevNumber,0.002096276
MagpieData avg_dev NValence,0.0020275246
MagpieData maximum SpaceGroupNumber,0.0019952299
MagpieData maximum NUnfilled,0.0018103867
MagpieData avg_dev Row,0.001684936
MagpieData mode NdValence,0.0015895428
MagpieData mode SpaceGroupNumber,0.0014125848
MagpieData mode NValence,0.0013673585
MagpieData maximum Electronegativity,0.0012689028
MagpieData range Number,0.0012682781
MagpieData minimum Number,0.0012299926
MagpieData maximum NpUnfilled,0.0011943384
MagpieData range NUnfilled,0.0011407349
MagpieData maximum NdUnfilled,0.0010621456
MagpieData range Column,0.0010566092
MagpieData range NdValence,0.0010314214
MagpieData minimum Column,0.0010247052
MagpieData mean NfUnfilled,0.0009938171
MagpieData minimum SpaceGroupNumber,0.0009877605
MagpieData minimum NsValence,0.0009813588
MagpieData maximum Column,0.00087500893
MagpieData mode NpUnfilled,0.0008748479
MagpieData maximum GSbandgap,0.0008712902
MagpieData mean NfValence,0.00085464376
MagpieData minimum NValence,0.00079354696
MagpieData mode Column,0.0007837523
0-norm,0.0007166674
MagpieData mode NdUnfilled,0.00068043097
MagpieData maximum GSmagmom,0.0006591372
MagpieData mode GSbandgap,0.00059184234
MagpieData minimum NdValence,0.000563384
MagpieData maximum NfValence,0.00054958113
MagpieData range NpUnfilled,0.0005447292
MagpieData mode GSmagmom,0.00043785461
MagpieData minimum GSbandgap,0.00037432238
MagpieData mode NsValence,0.00029846642
MagpieData range Row,0.0002975541
MagpieData mode NsUnfilled,0.0001919755
MagpieData minimum NpUnfilled,0.00013871555
MagpieData maximum Row,0.00013544018
MagpieData minimum Row,0.000111588386
MagpieData maximum NsUnfilled,9.95752e-05
MagpieData mode NfValence,9.832999e-05
MagpieData maximum NpValence,9.7201766e-05
MagpieData mode NfUnfilled,6.3274674e-05
MagpieData mode NpValence,5.5097866e-05
MagpieData minimum NfValence,4.7636775e-05
MagpieData minimum NdUnfilled,4.6677404e-05
MagpieData minimum GSmagmom,3.161468e-05
MagpieData minimum NsUnfilled,3.1081272e-05
MagpieData minimum NpValence,2.9865534e-05
MagpieData minimum NfUnfilled,2.4092154e-05
MagpieData maximum NsValence,7.711042e-06
