Feature,Importance
MagpieData minimum NUnfilled,0.10985442
MagpieData mode NUnfilled,0.1071559
MagpieData mean GSvolume_pa,0.06256639
MagpieData mode GSvolume_pa,0.03673877
MagpieData mode MendeleevNumber,0.033218224
MagpieData maximum NdValence,0.03199838
MagpieData maximum MeltingT,0.028115835
MagpieData mean NpValence,0.020445198
MagpieData mean NdUnfilled,0.019927513
MagpieData mean MeltingT,0.019154748
MagpieData mode MeltingT,0.018014478
MagpieData maximum GSvolume_pa,0.017241217
MagpieData maximum MendeleevNumber,0.015248273
MagpieData maximum NValence,0.013979582
MagpieData minimum CovalentRadius,0.01294042
MagpieData minimum GSvolume_pa,0.012413475
MagpieData mode NdValence,0.011804491
MagpieData minimum Electronegativity,0.010969201
MagpieData mean NUnfilled,0.010817972
MagpieData mean NsUnfilled,0.010816982
MagpieData maximum Column,0.010707649
MagpieData mode NpUnfilled,0.009519267
MagpieData maximum NdUnfilled,0.009487475
MagpieData mode CovalentRadius,0.009195591
MagpieData mode Column,0.008550698
MagpieData minimum NfUnfilled,0.008543308
MagpieData mode NValence,0.008203407
MagpieData avg_dev NpUnfilled,0.008030659
MagpieData minimum Column,0.007794027
MagpieData mean MendeleevNumber,0.007562314
